limiar,alertas_antecipados,falsos_positivos,beneficio_liquido
0.007758249058157103,165,21916,-7523413.219325153
0.007774768791165817,165,21813,-7477063.219325153
0.007792792728212753,165,21710,-7430713.219325153
0.007809195840754757,165,21607,-7384363.219325153
0.007828505300729361,165,21503,-7337563.219325153
0.00784862460016037,165,21402,-7292113.219325153
0.007863755491087426,164,21300,-7260387.684662577
0.007878754276186384,164,21196,-7213587.684662577
0.00789454610241085,164,21094,-7167687.684662577
0.00791430532113636,164,20990,-7120887.684662577
0.007930540665669564,163,20887,-7088712.15
0.007946762926833474,162,20784,-7056536.615337424
0.007960926754392188,162,20680,-7009736.615337424
0.007979776361715119,162,20579,-6964286.615337424
0.007998174988711219,162,20474,-6917036.615337424
0.008014339349839937,162,20370,-6870236.615337424
0.008034208707551596,162,20266,-6823436.615337424
0.008049116531726021,161,20165,-6792161.080674848
0.008066085941874846,161,20062,-6745811.080674848
0.008088536704553013,161,19958,-6699011.080674848
0.008106982202588568,161,19855,-6652661.080674848
0.008122229888935755,161,19751,-6605861.080674848
0.008136935907009212,161,19648,-6559511.080674848
0.008162655671272697,161,19545,-6513161.080674848
0.008181154193994393,161,19442,-6466811.080674848
0.008200798174295313,161,19338,-6420011.080674848
0.00821840969821223,161,19234,-6373211.080674848
0.008237416491732895,161,19131,-6326861.080674848
0.008255978619330988,161,19029,-6280961.080674848
0.008275457518253648,161,18925,-6234161.080674848
0.008296023604231264,161,18820,-6186911.080674848
0.008315250315154309,161,18717,-6140561.080674848
0.008330887041307413,161,18613,-6093761.080674848
0.00835189614395387,161,18510,-6047411.080674848
0.008374634150640227,161,18406,-6000611.080674848
0.00839686206598759,161,18302,-5953811.080674848
0.008418112096216556,161,18200,-5907911.080674848
0.008438481837002047,161,18095,-5860661.080674848
0.00846109605810786,161,17992,-5814311.080674848
0.008480114252182026,161,17888,-5767511.080674848
0.008503682784462686,161,17784,-5720711.080674848
0.008523122467616691,161,17681,-5674361.080674848
0.008546479796754826,161,17577,-5627561.080674848
0.00857338475155012,161,17474,-5581211.080674848
0.008595548970716979,161,17371,-5534861.080674848
0.008615287774901807,161,17268,-5488511.080674848
0.008636068740876883,161,17164,-5441711.080674848
0.008660736398577491,161,17060,-5394911.080674848
0.008685653820202095,160,16958,-5363185.54601227
0.008707427616418805,160,16855,-5316835.54601227
0.008732244171128835,160,16751,-5270035.54601227
0.008757452941636653,160,16646,-5222785.54601227
0.008788572901610208,160,16543,-5176435.54601227
0.00881763167444782,160,16439,-5129635.54601227
0.008846755187766802,160,16336,-5083285.54601227
0.008870318289718706,160,16231,-5036035.54601227
0.008890522465878969,160,16127,-4989235.54601227
0.008916518043914723,159,16025,-4957510.011349693
0.008947088083556405,159,15921,-4910710.011349693
0.008972362922694287,159,15817,-4863910.011349693
0.009006825759254898,159,15713,-4817110.011349693
0.009038615411006735,158,15611,-4785384.476687117
0.009064311969502272,158,15509,-4739484.476687117
0.00909243844947143,158,15405,-4692684.476687117
0.009118653042132337,158,15302,-4646334.476687117
0.009149361473828903,158,15198,-4599534.476687117
0.009179418847372448,158,15096,-4553634.476687117
0.009209313511700064,158,14993,-4507284.476687117
0.009244361481441421,158,14890,-4460934.476687117
0.009272464435018175,157,14788,-4429208.94202454
0.009313211294887708,157,14684,-4382408.94202454
0.009344801664585409,157,14581,-4336058.94202454
0.009374171740390666,157,14478,-4289708.94202454
0.00941151493886331,157,14375,-4243358.94202454
0.009441028353616794,157,14271,-4196558.94202454
0.00948531622309234,157,14167,-4149758.94202454
0.009522572359405571,157,14064,-4103408.94202454
0.009564010824887252,157,13961,-4057058.94202454
0.009600710184368484,157,13859,-4011158.94202454
0.009643787107305613,157,13754,-3963908.94202454
0.009678273466556917,157,13651,-3917558.94202454
0.009713209044798244,156,13548,-3885383.4073619633
0.009750107561040016,156,13445,-3839033.4073619633
0.009789659997943937,156,13342,-3792683.4073619633
0.009827073461373466,156,13239,-3746333.4073619633
0.00986427461291673,155,13137,-3714607.872699387
0.00990702576718822,155,13033,-3667807.872699387
0.00994845271049058,155,12930,-3621457.872699387
0.009986532453067383,155,12826,-3574657.872699387
0.01002521775646152,155,12722,-3527857.872699387
0.01006399470331688,155,12618,-3481057.872699387
0.010111132811959897,154,12515,-3448882.33803681
0.010153763340401403,154,12412,-3402532.33803681
0.010197979268022107,154,12309,-3356182.33803681
0.010243594130552333,154,12205,-3309382.33803681
0.010296126824449772,154,12102,-3263032.33803681
0.010345901500781282,154,11998,-3216232.33803681
0.0103928049431353,154,11895,-3169882.33803681
0.010440349968190314,154,11791,-3123082.33803681
0.010500714148161358,154,11688,-3076732.33803681
0.010545409117510842,154,11585,-3030382.33803681
0.010592164906115878,154,11481,-2983582.33803681
0.010658258267329227,154,11379,-2937682.33803681
0.0107105304808582,154,11277,-2891782.33803681
0.010768471906913001,154,11174,-2845432.33803681
0.01083411926112374,154,11070,-2798632.33803681
0.010896364124215385,154,10968,-2752732.33803681
0.010964568274013585,154,10865,-2706382.33803681
0.011015370461045965,154,10763,-2660482.33803681
0.011067510186890936,154,10658,-2613232.33803681
0.011120430731793732,154,10554,-2566432.33803681
0.011183760901724252,154,10450,-2519632.33803681
0.011249408697598039,154,10347,-2473282.33803681
0.011308204536572431,154,10245,-2427382.33803681
0.01136817225555589,153,10144,-2396106.803374233
0.011418791940147548,153,10043,-2350656.803374233
0.011495345071648956,152,9940,-2318481.268711657
0.011562862667793397,152,9838,-2272581.268711657
0.011632526645161992,151,9735,-2240405.73404908
0.011706113218642991,151,9632,-2194055.73404908
0.011779110682220904,151,9528,-2147255.73404908
0.011843631175091626,151,9424,-2100455.73404908
0.011914989671405394,151,9321,-2054105.73404908
0.011978855378754587,150,9219,-2022380.1993865035
0.012048300614747666,150,9115,-1975580.1993865035
0.012110923277950929,150,9011,-1928780.1993865035
0.012186677504158652,150,8909,-1882880.1993865035
0.01225750836172853,150,8806,-1836530.1993865035
0.012336201941498655,149,8705,-1805254.6647239267
0.012404375277590553,149,8602,-1758904.6647239267
0.012469654318531049,149,8501,-1713454.6647239267
0.012547742673016296,148,8399,-1681729.1300613498
0.01261795131241607,148,8295,-1634929.1300613498
0.0126980965120499,148,8193,-1589029.1300613498
0.012772248971914906,148,8089,-1542229.1300613498
0.012865272269795608,148,7985,-1495429.1300613498
0.012938886266803779,148,7881,-1448629.1300613498
0.013044530366365973,148,7778,-1402279.1300613498
0.013135498828409505,148,7675,-1355929.1300613498
0.013257407699843113,148,7571,-1309129.1300613498
0.013357345950081709,148,7467,-1262329.1300613498
0.013436302311868126,148,7364,-1215979.1300613498
0.013541574688428143,148,7261,-1169629.1300613498
0.013653765187310972,148,7158,-1123279.1300613498
0.01375361790481445,148,7053,-1076029.1300613498
0.013877475375348631,148,6950,-1029679.1300613498
0.013991949208758767,147,6848,-997953.5953987732
0.014100130902052964,147,6744,-951153.5953987732
0.014211080610371775,147,6642,-905253.5953987732
0.014340815678919186,147,6539,-858903.5953987732
0.014492467670178972,147,6435,-812103.5953987732
0.01463213927724403,147,6333,-766203.5953987732
0.014775632314130826,147,6229,-719403.5953987732
0.014909654230310973,147,6126,-673053.5953987732
0.015035759165718204,147,6024,-627153.5953987732
0.015181166885535231,147,5920,-580353.5953987732
0.015338837434803796,146,5820,-549528.0607361966
0.015504855313234795,146,5717,-503178.0607361966
0.015680724431204027,145,5615,-471452.52607361996
0.01588733113302882,145,5511,-424652.52607361996
0.016080357499383115,145,5407,-377852.52607361996
0.01625335340545325,145,5306,-332402.52607361996
0.016471305675309595,145,5200,-284702.52607361996
0.01665977491922302,145,5096,-237902.52607361996
0.016906008980181676,145,4993,-191552.52607361996
0.017181820012287456,145,4889,-144752.52607361996
0.017420585844816906,145,4786,-98402.52607361996
0.017678468241513277,145,4685,-52952.526073619956
0.017947653709841773,145,4582,-6602.526073619956
0.018240457709912877,145,4479,39747.473926380044
0.018620336663166256,145,4375,86547.47392638004
0.019023476901161265,145,4274,131997.47392638004
0.019384480341290006,145,4176,176097.47392638004
0.019803755371797238,145,4078,220197.47392638004
0.02020587199222613,145,3974,266997.47392638004
0.020739820958478677,145,3875,311547.47392638004
0.02132347868350155,145,3782,353397.47392638004
0.021923448751795437,145,3681,398847.47392638004
0.022511650332585793,143,3586,413248.5432515335
0.02310884261404113,142,3483,445424.07791411015
0.023656462174087515,142,3382,490874.07791411015
0.024349002131782475,140,3285,506175.14723926364
0.02498552501450861,140,3184,551625.1472392636
0.025701875928067556,140,3081,597975.1472392636
0.02653598910777373,140,2979,643875.1472392636
0.027498450003175655,140,2877,689775.1472392636
0.02862771377805758,140,2780,733425.1472392636
0.029779281419721124,139,2679,764700.6819018403
0.03071284740136813,139,2577,810600.6819018403
0.031768195771492404,139,2477,855600.6819018403
0.033056062684363056,138,2375,887326.2165644169
0.03451794148444565,138,2274,932776.2165644169
0.0359266544063916,138,2176,976876.2165644169
0.03758325620297592,138,2075,1022326.2165644169
0.03964461340965834,138,1971,1069126.216564417
0.04171056370003388,138,1867,1115926.216564417
0.04394593251098344,138,1766,1161376.216564417
0.046433881937622275,137,1667,1191751.7512269937
0.0494205581954532,136,1567,1222577.2858895704
0.052869323282781586,136,1474,1264427.2858895704
0.05697026826859766,136,1382,1305827.2858895704
0.06196362615209439,136,1282,1350827.2858895704
0.06893267047494324,136,1180,1396727.2858895704
0.07922044736038514,135,1085,1425302.820552147
0.0883397054139731,134,1006,1446678.3552147236
0.09894299102972709,131,922,1441954.9592024537
0.11138567743191373,126,849,1403932.6325153373
0.12752866155518627,123,763,1400109.2365030672
0.14272194603356525,121,669,1414060.3058282207
0.16971348780684237,118,586,1408886.9098159508
0.20715203266726345,115,506,1402363.513803681
0.24303634631104828,110,434,1363891.1871165643
0.2787434620402583,108,358,1369742.2564417175
0.31004307071833714,97,296,1241723.137730061
0.3394176487963178,85,240,1096829.5536809815
0.3834540416178533,72,178,940461.5042944785
0.42009736038982576,65,128,863740.2469325152
0.47281057019138534,52,79,701522.1975460122
0.5480089272666662,29,47,389909.494785276
0.6319568149847654,11,6,153219.11871165643
